id,Tempo Constru巫o Inicial,V. FO Inicial,Rel. Prof x Turm,Rel. Prof x Dia,Tempo Final,V. FO Final,Rel. Prof x Turm,Rel. Prof x Dia,Qnt vzs melhorei a FO, Qnt. Turmas,Qnt. Professores, Qnt  feito refinamento , Itera巫o da m Solu巫o ,  Qnt de pos que prof x Turma , Qnt de pos que prof x dias, status
1,0.000535,19,0,19,1.362371,18,1,17,1,30,30,2,65,123,123,Invi치vel
2,0.000253,12,0,12,1.248964,12,0,12,0,40,40,0,0,164,164,Vi치vel
3,0.000354,14,0,14,1.738698,14,0,14,0,50,50,0,0,205,205,Vi치vel
4,0.000492,19,0,19,2.479058,18,1,17,1,60,60,3,36,246,246,Invi치vel
5,0.000682,26,0,26,3.054396,25,1,24,1,70,70,3,53,287,287,Invi치vel
6,0.000395,7,0,7,2.958900,7,0,7,0,80,80,0,0,328,328,Vi치vel
7,0.000644,14,0,14,3.888767,14,0,14,0,90,90,0,0,369,369,Vi치vel
8,0.000885,26,0,26,5.021974,25,1,24,1,100,100,3,3,410,410,Invi치vel
9,0.000846,24,0,24,5.696308,23,1,22,1,110,110,2,66,451,451,Invi치vel
10,0.000931,18,0,18,6.187643,17,3,14,1,120,120,1,51,492,492,Invi치vel
11,0.000837,16,0,16,6.937486,15,1,14,1,130,130,3,97,533,533,Invi치vel
12,0.001092,19,0,19,7.933256,19,0,19,0,140,140,0,0,574,574,Vi치vel
13,0.001959,42,0,42,10.392345,41,1,40,1,150,150,3,96,615,615,Invi치vel
14,0.011136,54,0,54,11.988806,54,0,54,0,160,160,0,0,656,656,Vi치vel
15,0.001524,32,0,32,11.072267,32,0,32,0,170,170,0,0,697,697,Vi치vel
16,0.001788,31,0,31,12.264361,30,1,29,1,180,180,3,8,738,738,Invi치vel
17,0.002720,51,0,51,15.725472,50,2,48,1,190,190,2,58,779,779,Invi치vel
18,0.029345,66,0,66,18.537588,65,1,64,1,200,200,3,63,820,820,Invi치vel
19,0.002927,41,0,41,17.714792,41,0,41,0,210,210,0,0,861,861,Vi치vel
20,0.047925,54,0,54,19.905355,53,1,52,1,220,220,3,82,902,902,Invi치vel
21,0.002134,38,0,38,17.746912,38,0,38,0,230,230,0,0,943,943,Vi치vel
22,0.004331,63,0,63,22.667072,63,0,63,0,240,240,0,0,984,984,Vi치vel
23,0.090333,76,0,76,27.036516,75,2,73,1,250,250,1,15,1025,1025,Invi치vel
24,0.116581,94,0,94,30.027245,93,1,92,1,260,260,3,70,1066,1066,Invi치vel
25,0.034979,70,0,70,29.386456,70,0,70,0,270,270,0,0,1107,1107,Vi치vel
26,0.161410,96,0,96,33.074547,95,1,94,1,280,280,2,45,1148,1148,Invi치vel
